{"cameraMode":{"drawMode":0,"name":"Shaded","section":"Shading Mode"},"sceneLighting":false,"audioPlay":false,"sceneViewState":{"showFog":false,"showMaterialUpdate":false,"showSkybox":false,"showFlares":false,"showImageEffects":false,"showParticleSystems":true},"in2DMode":false,"pivot":{"x":0.9774415493011475,"y":1.0012544393539429,"z":-4.977614402770996},"rotation":{"x":-0.011992055922746659,"y":0.022196725010871888,"z":-0.000593140721321106,"w":-0.9998341202735901},"size":23.662723541259767,"orthographic":false}